#OS,compiler,TEMPLATE_CONSTRAINT,Consumer_AllTypesAllEnum,Consumer_AllTypesConstrEnum,Consumer_ArithmTypesAllEnum,Consumer_ArithmTypesConstrEnum,Consumer_ArithmTypesAllEnum2,Consumer_ArithmTypesConstrEnum2
macos-14:macOS-14.8.9,default:AppleClang-15.0.0.15000309,CONSTRAINED_DIRECT_TEMPLATE_TEMPLATE_MATCHING,63,63,63,63,63,63
macos-14:macOS-14.8.9,g++-13:GNU-13.4.0,CONSTRAINED_DIRECT_TEMPLATE_TEMPLATE_MATCHING_LIMITED,63,63,0,0,0,0
macos-14:macOS-14.8.9,g++-13:GNU-13.4.0,CONSTRAINED_PARTIAL_SPECIALIZATION,0,0,63,63,63,63
macos-14:macOS-14.8.9,g++-14:GNU-14.4.0,CONSTRAINED_DIRECT_TEMPLATE_TEMPLATE_MATCHING_LIMITED,63,63,0,0,0,0
macos-14:macOS-14.8.9,g++-14:GNU-14.4.0,CONSTRAINED_PARTIAL_SPECIALIZATION,0,0,63,63,63,63
macos-14:macOS-14.8.9,g++-15:GNU-15.3.0,CONSTRAINED_DIRECT_TEMPLATE_TEMPLATE_MATCHING_LIMITED,63,63,0,0,0,0
macos-14:macOS-14.8.9,g++-15:GNU-15.3.0,CONSTRAINED_PARTIAL_SPECIALIZATION,0,0,63,63,63,63
macos-15:macOS-15.7.9,default:AppleClang-17.0.0.17000013,CONSTRAINED_DIRECT_TEMPLATE_TEMPLATE_MATCHING_LIMITED,63,63,0,0,0,0
macos-15:macOS-15.7.9,default:AppleClang-17.0.0.17000013,CONSTRAINED_PARTIAL_SPECIALIZATION,0,0,5,5,5,5
macos-15:macOS-15.7.9,g++-13:GNU-13.4.0,CONSTRAINED_DIRECT_TEMPLATE_TEMPLATE_MATCHING_LIMITED,63,63,0,0,0,0
macos-15:macOS-15.7.9,g++-13:GNU-13.4.0,CONSTRAINED_PARTIAL_SPECIALIZATION,0,0,63,63,63,63
macos-15:macOS-15.7.9,g++-14:GNU-14.4.0,CONSTRAINED_DIRECT_TEMPLATE_TEMPLATE_MATCHING_LIMITED,63,63,0,0,0,0
macos-15:macOS-15.7.9,g++-14:GNU-14.4.0,CONSTRAINED_PARTIAL_SPECIALIZATION,0,0,63,63,63,63
macos-15:macOS-15.7.9,g++-15:GNU-15.3.0,CONSTRAINED_DIRECT_TEMPLATE_TEMPLATE_MATCHING_LIMITED,63,63,0,0,0,0
macos-15:macOS-15.7.9,g++-15:GNU-15.3.0,CONSTRAINED_PARTIAL_SPECIALIZATION,0,0,63,63,63,63
macos-26:macOS-26.6.2,default:AppleClang-21.0.0.21000101,CONSTRAINED_DIRECT_TEMPLATE_TEMPLATE_MATCHING_LIMITED,63,63,0,0,0,0
macos-26:macOS-26.6.2,default:AppleClang-21.0.0.21000101,CONSTRAINED_PARTIAL_SPECIALIZATION,0,0,5,5,5,5
macos-26:macOS-26.6.2,g++-13:GNU-13.4.0,CONSTRAINED_DIRECT_TEMPLATE_TEMPLATE_MATCHING_LIMITED,63,63,0,0,0,0
macos-26:macOS-26.6.2,g++-13:GNU-13.4.0,CONSTRAINED_PARTIAL_SPECIALIZATION,0,0,63,63,63,63
macos-26:macOS-26.6.2,g++-14:GNU-14.4.0,CONSTRAINED_DIRECT_TEMPLATE_TEMPLATE_MATCHING_LIMITED,63,63,0,0,0,0
macos-26:macOS-26.6.2,g++-14:GNU-14.4.0,CONSTRAINED_PARTIAL_SPECIALIZATION,0,0,63,63,63,63
macos-26:macOS-26.6.2,g++-15:GNU-15.3.0,CONSTRAINED_DIRECT_TEMPLATE_TEMPLATE_MATCHING_LIMITED,63,63,0,0,0,0
macos-26:macOS-26.6.2,g++-15:GNU-15.3.0,CONSTRAINED_PARTIAL_SPECIALIZATION,0,0,63,63,63,63
ubuntu-22.04-arm:Ubuntu 22.04.5 LTS,clang++-15:Clang-15.0.7,CONSTRAINED_DIRECT_TEMPLATE_TEMPLATE_MATCHING,63,63,63,63,63,63
ubuntu-22.04-arm:Ubuntu 22.04.5 LTS,g++-12:GNU-12.3.0,CONSTRAINED_DIRECT_TEMPLATE_TEMPLATE_MATCHING_LIMITED,63,63,0,0,0,0
ubuntu-22.04:Ubuntu 22.04.5 LTS,clang++-13:Clang-13.0.1,CONSTRAINED_DIRECT_TEMPLATE_TEMPLATE_MATCHING,63,63,63,63,63,63
ubuntu-22.04:Ubuntu 22.04.5 LTS,clang++-14:Clang-14.0.0,CONSTRAINED_DIRECT_TEMPLATE_TEMPLATE_MATCHING,63,63,63,63,63,63
ubuntu-22.04:Ubuntu 22.04.5 LTS,clang++-15:Clang-15.0.7,CONSTRAINED_DIRECT_TEMPLATE_TEMPLATE_MATCHING,63,63,63,63,63,63
ubuntu-22.04:Ubuntu 22.04.5 LTS,g++-12:GNU-12.3.0,CONSTRAINED_DIRECT_TEMPLATE_TEMPLATE_MATCHING_LIMITED,63,63,0,0,0,0
ubuntu-24.04-arm:Ubuntu 24.04.5 LTS,clang++-16:Clang-16.0.6,CONSTRAINED_DIRECT_TEMPLATE_TEMPLATE_MATCHING,63,63,63,63,63,63
ubuntu-24.04-arm:Ubuntu 24.04.5 LTS,clang++-17:Clang-17.0.6,CONSTRAINED_DIRECT_TEMPLATE_TEMPLATE_MATCHING,63,63,63,63,63,63
ubuntu-24.04-arm:Ubuntu 24.04.5 LTS,clang++-18:Clang-18.1.3,CONSTRAINED_DIRECT_TEMPLATE_TEMPLATE_MATCHING,63,63,63,63,63,63
ubuntu-24.04-arm:Ubuntu 24.04.5 LTS,default:GNU-13.3.0,CONSTRAINED_DIRECT_TEMPLATE_TEMPLATE_MATCHING_LIMITED,63,63,0,0,0,0
ubuntu-24.04-arm:Ubuntu 24.04.5 LTS,default:GNU-13.3.0,CONSTRAINED_PARTIAL_SPECIALIZATION,0,0,63,63,63,63
ubuntu-24.04-arm:Ubuntu 24.04.5 LTS,g++-12:GNU-12.4.0,CONSTRAINED_DIRECT_TEMPLATE_TEMPLATE_MATCHING_LIMITED,63,63,0,0,0,0
ubuntu-24.04-arm:Ubuntu 24.04.5 LTS,g++-14:GNU-14.2.0,CONSTRAINED_DIRECT_TEMPLATE_TEMPLATE_MATCHING_LIMITED,63,63,0,0,0,0
ubuntu-24.04-arm:Ubuntu 24.04.5 LTS,g++-14:GNU-14.2.0,CONSTRAINED_PARTIAL_SPECIALIZATION,0,0,63,63,63,63
ubuntu-24.04:Ubuntu 24.04.5 LTS,clang++-16:Clang-16.0.6,CONSTRAINED_DIRECT_TEMPLATE_TEMPLATE_MATCHING,63,63,63,63,63,63
ubuntu-24.04:Ubuntu 24.04.5 LTS,clang++-17:Clang-17.0.6,CONSTRAINED_DIRECT_TEMPLATE_TEMPLATE_MATCHING,63,63,63,63,63,63
ubuntu-24.04:Ubuntu 24.04.5 LTS,clang++-18:Clang-18.1.3,CONSTRAINED_DIRECT_TEMPLATE_TEMPLATE_MATCHING,63,63,63,63,63,63
ubuntu-24.04:Ubuntu 24.04.5 LTS,default:GNU-13.3.0,CONSTRAINED_DIRECT_TEMPLATE_TEMPLATE_MATCHING_LIMITED,63,63,0,0,0,0
ubuntu-24.04:Ubuntu 24.04.5 LTS,default:GNU-13.3.0,CONSTRAINED_PARTIAL_SPECIALIZATION,0,0,63,63,63,63
ubuntu-24.04:Ubuntu 24.04.5 LTS,g++-12:GNU-12.4.0,CONSTRAINED_DIRECT_TEMPLATE_TEMPLATE_MATCHING_LIMITED,63,63,0,0,0,0
ubuntu-24.04:Ubuntu 24.04.5 LTS,g++-14:GNU-14.2.0,CONSTRAINED_DIRECT_TEMPLATE_TEMPLATE_MATCHING_LIMITED,63,63,0,0,0,0
ubuntu-24.04:Ubuntu 24.04.5 LTS,g++-14:GNU-14.2.0,CONSTRAINED_PARTIAL_SPECIALIZATION,0,0,63,63,63,63
windows-11-vs2026-arm:Windows-10.0.26200,ClangCl:Clang-22.1.3,CONSTRAINED_DIRECT_TEMPLATE_TEMPLATE_MATCHING_LIMITED,63,63,0,0,0,0
windows-11-vs2026-arm:Windows-10.0.26200,ClangCl:Clang-22.1.3,CONSTRAINED_PARTIAL_SPECIALIZATION,0,0,5,5,5,5
windows-11-vs2026-arm:Windows-10.0.26200,default:MSVC-19.51.36260.0,CONSTRAINED_DIRECT_TEMPLATE_TEMPLATE_MATCHING,1,1,7,7,7,7
windows-2022:Windows-10.0.20348,ClangCl:Clang-19.1.5,CONSTRAINED_DIRECT_TEMPLATE_TEMPLATE_MATCHING_LIMITED,63,63,0,0,0,0
windows-2022:Windows-10.0.20348,ClangCl:Clang-19.1.5,CONSTRAINED_PARTIAL_SPECIALIZATION,0,0,5,5,5,5
windows-2022:Windows-10.0.20348,default:MSVC-19.44.35229.0,CONSTRAINED_DIRECT_TEMPLATE_TEMPLATE_MATCHING,1,1,7,7,7,7
windows-2022:Windows-10.0.20348,g++:GNU-16.2.0,CONSTRAINED_DIRECT_TEMPLATE_TEMPLATE_MATCHING_LIMITED,63,63,0,0,0,0
windows-2022:Windows-10.0.20348,g++:GNU-16.2.0,CONSTRAINED_PARTIAL_SPECIALIZATION,0,0,63,63,63,63
windows-2025-vs2026:Windows-10.0.26100,ClangCl:Clang-22.1.3,CONSTRAINED_DIRECT_TEMPLATE_TEMPLATE_MATCHING_LIMITED,63,63,0,0,0,0
windows-2025-vs2026:Windows-10.0.26100,ClangCl:Clang-22.1.3,CONSTRAINED_PARTIAL_SPECIALIZATION,0,0,5,5,5,5
windows-2025-vs2026:Windows-10.0.26100,default:MSVC-19.51.36260.0,CONSTRAINED_DIRECT_TEMPLATE_TEMPLATE_MATCHING,1,1,7,7,7,7
windows-2025-vs2026:Windows-10.0.26100,g++:GNU-16.2.0,CONSTRAINED_DIRECT_TEMPLATE_TEMPLATE_MATCHING_LIMITED,63,63,0,0,0,0
windows-2025-vs2026:Windows-10.0.26100,g++:GNU-16.2.0,CONSTRAINED_PARTIAL_SPECIALIZATION,0,0,63,63,63,63
